umar farooq 	umar farooq 	umar farooq 	umar farooq 	umar farooq 	umar farooq 	umar farooq 	umar farooq 	umar farooq 	umar farooq 	umar farooq 	umar farooq 	umar farooq 	umar farooq 	umar farooq 	umar farooq 	umar farooq 	umar farooq 	umar farooq 
umar farooq 	umar farooq 	umar farooq 	umar farooq 	umar farooq 	umar farooq 	umar farooq 	umar farooq 	umar farooq 	umar farooq 	umar farooq 	umar farooq 	umar farooq 	umar farooq 	umar farooq 	umar farooq 	umar farooq 	umar farooq 	umar farooq 
umar farooq 	umar farooq 	umar farooq 	umar farooq 	umar farooq 	umar farooq 	umar farooq 	umar farooq 	umar farooq 	umar farooq 	umar farooq 	umar farooq 	umar farooq 	umar farooq 	umar farooq 	umar farooq 	umar farooq 	umar farooq 	umar farooq 
umar farooq 	umar farooq 	umar farooq 	umar farooq 	umar farooq 	umar farooq 	umar farooq 	umar farooq 	umar farooq 	umar farooq 	umar farooq 	umar farooq 	umar farooq 	umar farooq 	umar farooq 	umar farooq 	umar farooq 	umar farooq 	umar farooq 
umar farooq 	umar farooq 	umar farooq 	umar farooq 	umar farooq 	umar farooq 	umar farooq 	umar farooq 	umar farooq 	umar farooq 	umar farooq 	umar farooq 	umar farooq 	umar farooq 	umar farooq 	umar farooq 	umar farooq 	umar farooq 	umar farooq 
umar farooq 	umar farooq 	umar farooq 	umar farooq 	umar farooq 	umar farooq 	umar farooq 	umar farooq 	umar farooq 	umar farooq 	umar farooq 	umar farooq 	umar farooq 	umar farooq 	umar farooq 	umar farooq 	umar farooq 	umar farooq 	umar farooq 
umar farooq 	umar farooq 	umar farooq 	umar farooq 	umar farooq 	umar farooq 	umar farooq 	umar farooq 	umar farooq 	umar farooq 	umar farooq 	umar farooq 	umar farooq 	umar farooq 	umar farooq 	umar farooq 	umar farooq 	umar farooq 	umar farooq 
umar farooq 	umar farooq 	umar farooq 	umar farooq 	umar farooq 	umar farooq 	umar farooq 	umar farooq 	umar farooq 	umar farooq 	umar farooq 	umar farooq 	umar farooq 	umar farooq 	umar farooq 	umar farooq 	umar farooq 	umar farooq 	umar farooq 
umar farooq 	umar farooq 	umar farooq 	umar farooq 	umar farooq 	umar farooq 	umar farooq 	umar farooq 	umar farooq 	umar farooq 	umar farooq 	umar farooq 	umar farooq 	umar farooq 	umar farooq 	umar farooq 	umar farooq 	umar farooq 	umar farooq 
umar farooq 	umar farooq 	umar farooq 	umar farooq 	umar farooq 	umar farooq 	umar farooq 	umar farooq 	umar farooq 	umar farooq 	umar farooq 	umar farooq 	umar farooq 	umar farooq 	umar farooq 	umar farooq 	umar farooq 	umar farooq 	umar farooq 
umar farooq 	umar farooq 	umar farooq 	umar farooq 	umar farooq 	umar farooq 	umar farooq 	umar farooq 	umar farooq 	umar farooq 	umar farooq 	umar farooq 	umar farooq 	umar farooq 	umar farooq 	umar farooq 	umar farooq 	umar farooq 	umar farooq 
umar farooq 	umar farooq 	umar farooq 	umar farooq 	umar farooq 	umar farooq 	umar farooq 	umar farooq 	umar farooq 	umar farooq 	umar farooq 	umar farooq 	umar farooq 	umar farooq 	umar farooq 	umar farooq 	umar farooq 	umar farooq 	umar farooq 
umar farooq 	umar farooq 	umar farooq 	umar farooq 	umar farooq 	umar farooq 	umar farooq 	umar farooq 	umar farooq 	umar farooq 	umar farooq 	umar farooq 	umar farooq 	umar farooq 	umar farooq 	umar farooq 	umar farooq 	umar farooq 	umar farooq 
umar farooq 	umar farooq 	umar farooq 	umar farooq 	umar farooq 	umar farooq 	umar farooq 	umar farooq 	umar farooq 	umar farooq 	umar farooq 	umar farooq 	umar farooq 	umar farooq 	umar farooq 	umar farooq 	umar farooq 	umar farooq 	umar farooq 
umar farooq 	umar farooq 	umar farooq 	umar farooq 	umar farooq 	umar farooq 	umar farooq 	umar farooq 	umar farooq 	umar farooq 	umar farooq 	umar farooq 	umar farooq 	umar farooq 	umar farooq 	umar farooq 	umar farooq 	umar farooq 	umar farooq 
umar farooq 	umar farooq 	umar farooq 	umar farooq 	umar farooq 	umar farooq 	umar farooq 	umar farooq 	umar farooq 	umar farooq 	umar farooq 	umar farooq 	umar farooq 	umar farooq 	umar farooq 	umar farooq 	umar farooq 	umar farooq 	umar farooq 
umar farooq 	umar farooq 	umar farooq 	umar farooq 	umar farooq 	umar farooq 	umar farooq 	umar farooq 	umar farooq 	umar farooq 	umar farooq 	umar farooq 	umar farooq 	umar farooq 	umar farooq 	umar farooq 	umar farooq 	umar farooq 	umar farooq 
umar farooq 	umar farooq 	umar farooq 	umar farooq 	umar farooq 	umar farooq 	umar farooq 	umar farooq 	umar farooq 	umar farooq 	umar farooq 	umar farooq 	umar farooq 	umar farooq 	umar farooq 	umar farooq 	umar farooq 	umar farooq 	umar farooq 
umar farooq 	umar farooq 	umar farooq 	umar farooq 	umar farooq 	umar farooq 	umar farooq 	umar farooq 	umar farooq 	umar farooq 	umar farooq 	umar farooq 	umar farooq 	umar farooq 	umar farooq 	umar farooq 	umar farooq 	umar farooq 	umar farooq 
umar farooq 	umar farooq 	umar farooq 	umar farooq 	umar farooq 	umar farooq 	umar farooq 	umar farooq 	umar farooq 	umar farooq 	umar farooq 	umar farooq 	umar farooq 	umar farooq 	umar farooq 	umar farooq 	umar farooq 	umar farooq 	umar farooq 
umar farooq 	umar farooq 	umar farooq 	umar farooq 	umar farooq 	umar farooq 	umar farooq 	umar farooq 	umar farooq 	umar farooq 	umar farooq 	umar farooq 	umar farooq 	umar farooq 	umar farooq 	umar farooq 	umar farooq 	umar farooq 	umar farooq 
umar farooq 	umar farooq 	umar farooq 	umar farooq 	umar farooq 	umar farooq 	umar farooq 	umar farooq 	umar farooq 	umar farooq 	umar farooq 	umar farooq 	umar farooq 	umar farooq 	umar farooq 	umar farooq 	umar farooq 	umar farooq 	umar farooq 
umar farooq 	umar farooq 	umar farooq 	umar farooq 	umar farooq 	umar farooq 	umar farooq 	umar farooq 	umar farooq 	umar farooq 	umar farooq 	umar farooq 	umar farooq 	umar farooq 	umar farooq 	umar farooq 	umar farooq 	umar farooq 	umar farooq 
umar farooq 	umar farooq 	umar farooq 	umar farooq 	umar farooq 	umar farooq 	umar farooq 	umar farooq 	umar farooq 	umar farooq 	umar farooq 	umar farooq 	umar farooq 	umar farooq 	umar farooq 	umar farooq 	umar farooq 	umar farooq 	umar farooq 
umar farooq 	umar farooq 	umar farooq 	umar farooq 	umar farooq 	umar farooq 	umar farooq 	umar farooq 	umar farooq 	umar farooq 	umar farooq 	umar farooq 	umar farooq 	umar farooq 	umar farooq 	umar farooq 	umar farooq 	umar farooq 	umar farooq 
umar farooq 	umar farooq 	umar farooq 	umar farooq 	umar farooq 	umar farooq 	umar farooq 	umar farooq 	umar farooq 	umar farooq 	umar farooq 	umar farooq 	umar farooq 	umar farooq 	umar farooq 	umar farooq 	umar farooq 	umar farooq 	umar farooq 
umar farooq 	umar farooq 	umar farooq 	umar farooq 	umar farooq 	umar farooq 	umar farooq 	umar farooq 	umar farooq 	umar farooq 	umar farooq 	umar farooq 	umar farooq 	umar farooq 	umar farooq 	umar farooq 	umar farooq 	umar farooq 	umar farooq 
umar farooq 	umar farooq 	umar farooq 	umar farooq 	umar farooq 	umar farooq 	umar farooq 	umar farooq 	umar farooq 	umar farooq 	umar farooq 	umar farooq 	umar farooq 	umar farooq 	umar farooq 	umar farooq 	umar farooq 	umar farooq 	umar farooq 
umar farooq 	umar farooq 	umar farooq 	umar farooq 	umar farooq 	umar farooq 	umar farooq 	umar farooq 	umar farooq 	umar farooq 	umar farooq 	umar farooq 	umar farooq 	umar farooq 	umar farooq 	umar farooq 	umar farooq 	umar farooq 	umar farooq 
umar farooq 	umar farooq 	umar farooq 	umar farooq 	umar farooq 	umar farooq 	umar farooq 	umar farooq 	umar farooq 	umar farooq 	umar farooq 	umar farooq 	umar farooq 	umar farooq 	umar farooq 	umar farooq 	umar farooq 	umar farooq 	umar farooq 
